Customer_ID,Sales,Num_Orders,Avg_Order_Frequency,Segment,Segment_Corporate,Segment_Home Office,Cluster
AA-10315,5563.56,5,98.83333333333333,Consumer,0.0,0.0,1
AA-10375,1056.39,9,83.125,Consumer,0.0,0.0,1
AA-10480,1790.5120000000002,4,82.84615384615384,Consumer,0.0,0.0,1
AA-10645,5086.9349999999995,6,64.84210526315789,Consumer,0.0,0.0,0
AB-10015,886.156,3,142.28571428571428,Consumer,0.0,0.0,1
AB-10060,7755.62,8,41.0,Home Office,0.0,1.0,3
AB-10105,14473.570999999998,10,50.714285714285715,Consumer,0.0,0.0,0
AB-10150,966.71,5,104.23076923076923,Consumer,0.0,0.0,1
AB-10165,1113.838,8,74.33333333333333,Consumer,0.0,0.0,1
AB-10255,914.5319999999999,9,72.73333333333333,Home Office,0.0,1.0,3
AB-10600,1515.862,4,120.88888888888889,Corporate,1.0,0.0,2
AC-10420,925.8,3,172.5,Corporate,1.0,0.0,2
AC-10450,5527.846,7,114.5,Consumer,0.0,0.0,0
AC-10615,2537.6859999999997,5,43.68421052631579,Corporate,1.0,0.0,2
AC-10660,657.316,5,127.14285714285714,Consumer,0.0,0.0,1
AD-10180,6106.88,8,85.23076923076923,Home Office,0.0,1.0,3
AF-10870,2052.908,7,41.94117647058823,Consumer,0.0,0.0,1
AF-10885,861.565,4,114.375,Consumer,0.0,0.0,1
AG-10270,2582.898,5,69.93333333333334,Consumer,0.0,0.0,1
AG-10300,367.548,4,204.33333333333334,Corporate,1.0,0.0,2
AG-10330,660.972,5,50.6,Consumer,0.0,0.0,1
AG-10390,200.945,5,137.44444444444446,Consumer,0.0,0.0,1
AG-10495,1419.247,7,67.53333333333333,Corporate,1.0,0.0,2
AG-10525,1455.038,4,39.5,Corporate,1.0,0.0,2
AG-10675,3489.0396000000005,7,54.375,Consumer,0.0,0.0,1
AG-10765,170.584,4,187.16666666666666,Home Office,0.0,1.0,3
AG-10900,4510.797,10,52.72727272727273,Consumer,0.0,0.0,0
AH-10030,1744.7,7,111.33333333333333,Corporate,1.0,0.0,2
AH-10075,3250.337,10,52.666666666666664,Corporate,1.0,0.0,2
AH-10120,1735.5140000000001,7,70.6470588235294,Home Office,0.0,1.0,3
AH-10195,1587.452,4,108.33333333333333,Corporate,1.0,0.0,2
AH-10210,4805.344,9,80.07142857142857,Consumer,0.0,0.0,0
AH-10465,2495.3916,5,95.77777777777777,Consumer,0.0,0.0,1
AH-10585,738.504,4,190.0,Consumer,0.0,0.0,1
AH-10690,7888.294,12,39.916666666666664,Corporate,1.0,0.0,0
AI-10855,4375.786,10,69.94736842105263,Consumer,0.0,0.0,0
AJ-10780,4867.344,7,85.9375,Corporate,1.0,0.0,2
AJ-10795,4501.391,7,52.72727272727273,Corporate,1.0,0.0,2
AJ-10945,1829.896,6,127.7,Consumer,0.0,0.0,1
AJ-10960,629.2479999999999,3,188.16666666666666,Consumer,0.0,0.0,1
AM-10360,814.012,5,88.6923076923077,Corporate,1.0,0.0,2
AM-10705,5664.022,8,43.21739130434783,Consumer,0.0,0.0,0
AO-10810,161.28,1,0.0,Corporate,1.0,0.0,2
AP-10720,545.932,6,123.36363636363636,Home Office,0.0,1.0,3
AP-10915,3323.556,10,35.21875,Consumer,0.0,0.0,0
AR-10345,1055.694,4,164.16666666666666,Corporate,1.0,0.0,2
AR-10405,2236.128,5,132.375,Corporate,1.0,0.0,2
AR-10510,264.86400000000003,5,165.5,Consumer,0.0,0.0,1
AR-10540,6608.448,6,112.5,Consumer,0.0,0.0,0
AR-10570,88.15,1,0.0,Consumer,0.0,0.0,1
AR-10825,4523.336,8,87.21428571428571,Corporate,1.0,0.0,2
AS-10045,3050.692,7,105.81818181818181,Corporate,1.0,0.0,2
AS-10090,3255.31,9,44.88461538461539,Consumer,0.0,0.0,0
AS-10135,58.82,2,92.75,Home Office,0.0,1.0,3
AS-10225,4260.784,5,81.92857142857143,Corporate,1.0,0.0,2
AS-10240,503.968,5,108.54545454545455,Consumer,0.0,0.0,1
AS-10285,3214.236,6,63.22222222222222,Corporate,1.0,0.0,2
AS-10630,833.398,7,88.84615384615384,Home Office,0.0,1.0,3
AT-10435,1166.0720000000001,5,119.77777777777777,Home Office,0.0,1.0,3
AT-10735,3831.864,10,70.88235294117646,Consumer,0.0,0.0,0
AW-10840,649.376,4,107.88888888888889,Consumer,0.0,0.0,1
AW-10930,2852.968,7,71.70588235294117,Home Office,0.0,1.0,3
AY-10555,497.014,4,122.72727272727273,Corporate,1.0,0.0,2
AZ-10750,1622.0179999999998,6,94.15384615384616,Consumer,0.0,0.0,1
BB-10990,744.3399999999999,5,127.44444444444444,Corporate,1.0,0.0,2
BB-11545,6765.728,9,43.333333333333336,Corporate,1.0,0.0,0
BC-11125,2933.676,9,56.36842105263158,Home Office,0.0,1.0,3
BD-11320,5718.521,12,45.5,Consumer,0.0,0.0,0
BD-11500,4411.2429999999995,6,126.63636363636364,Consumer,0.0,0.0,1
BD-11560,320.54,2,133.2,Home Office,0.0,1.0,3
BD-11605,2783.189,6,84.375,Consumer,0.0,0.0,1
BD-11620,1538.11,6,134.44444444444446,Consumer,0.0,0.0,1
BD-11635,582.646,3,195.5,Consumer,0.0,0.0,1
BD-11725,1526.5,6,74.27272727272727,Consumer,0.0,0.0,1
BD-11770,658.466,6,30.272727272727273,Consumer,0.0,0.0,1
BE-11335,4204.676,5,59.5,Home Office,0.0,1.0,3
BE-11410,2261.438,5,98.83333333333333,Consumer,0.0,0.0,1
BE-11455,748.026,5,36.27272727272727,Home Office,0.0,1.0,3
BF-10975,599.798,7,83.85714285714286,Corporate,1.0,0.0,2
BF-11005,1333.88,4,104.81818181818181,Home Office,0.0,1.0,3
BF-11020,2888.506,8,60.90909090909091,Corporate,1.0,0.0,2
BF-11080,272.95,3,157.57142857142858,Consumer,0.0,0.0,1
BF-11170,5907.972,11,47.892857142857146,Home Office,0.0,1.0,3
BF-11215,1585.162,4,120.22222222222223,Home Office,0.0,1.0,3
BF-11275,791.9899999999999,3,264.4,Corporate,1.0,0.0,2
BG-11035,2798.948,8,86.38461538461539,Consumer,0.0,0.0,1
BG-11695,1874.172,6,143.66666666666666,Corporate,1.0,0.0,2
BG-11740,1006.356,6,165.125,Consumer,0.0,0.0,1
BH-11710,6255.351,8,51.08,Consumer,0.0,0.0,0
BK-11260,659.1379999999999,6,68.70588235294117,Consumer,0.0,0.0,1
BM-11140,11789.63,4,53.05882352941177,Consumer,0.0,0.0,0
BM-11575,808.162,6,66.9090909090909,Corporate,1.0,0.0,2
BM-11650,7294.185,11,41.233333333333334,Corporate,1.0,0.0,0
BM-11785,1338.842,10,72.33333333333333,Consumer,0.0,0.0,1
BN-11470,265.296,4,168.71428571428572,Corporate,1.0,0.0,2
BN-11515,1459.344,5,76.38888888888889,Consumer,0.0,0.0,1
BO-11350,2682.728,5,45.30769230769231,Corporate,1.0,0.0,2
BO-11425,130.83,2,255.33333333333334,Consumer,0.0,0.0,1
BP-11050,983.42,5,136.5,Corporate,1.0,0.0,2
BP-11095,2442.044,12,61.19047619047619,Corporate,1.0,0.0,0
BP-11155,1697.8609999999999,6,70.83333333333333,Consumer,0.0,0.0,1
BP-11185,3675.861,9,53.1578947368421,Corporate,1.0,0.0,2
BP-11230,1181.49,5,187.28571428571428,Consumer,0.0,0.0,1
BP-11290,2475.157,7,68.94117647058823,Consumer,0.0,0.0,1
BS-11365,10501.653,5,77.8,Corporate,1.0,0.0,0
BS-11380,3887.834,5,78.5,Corporate,1.0,0.0,2
BS-11590,2454.928,6,128.27272727272728,Corporate,1.0,0.0,2
BS-11665,3288.1099999999997,3,58.666666666666664,Consumer,0.0,0.0,1
BS-11755,2562.382,7,88.06666666666666,Consumer,0.0,0.0,1
BS-11800,949.4300000000001,2,62.22222222222222,Home Office,0.0,1.0,3
BT-11305,2567.656,5,100.9,Home Office,0.0,1.0,3
BT-11395,2186.6130000000003,6,77.9090909090909,Corporate,1.0,0.0,2
BT-11440,603.876,4,93.125,Consumer,0.0,0.0,1
BT-11485,415.19599999999997,2,18.5,Home Office,0.0,1.0,3
BT-11530,2684.4919999999997,5,111.63636363636364,Home Office,0.0,1.0,3
BT-11680,3196.752,7,52.76190476190476,Consumer,0.0,0.0,1
BV-11245,1523.2730000000001,5,45.0,Corporate,1.0,0.0,2
BW-11065,385.516,3,275.75,Consumer,0.0,0.0,1
BW-11110,4750.358,8,49.666666666666664,Corporate,1.0,0.0,2
BW-11200,1738.406,6,93.9090909090909,Consumer,0.0,0.0,1
CA-11965,3789.7228,6,121.63636363636364,Corporate,1.0,0.0,2
CA-12055,1679.7240000000002,5,40.45454545454545,Home Office,0.0,1.0,3
CA-12265,2638.3272,8,77.6470588235294,Consumer,0.0,0.0,1
CA-12310,1421.954,4,103.91666666666667,Corporate,1.0,0.0,2
CA-12775,3041.566,7,64.5,Consumer,0.0,0.0,1
CB-12025,5730.669,9,57.95652173913044,Consumer,0.0,0.0,0
CB-12415,1949.2,8,58.38461538461539,Consumer,0.0,0.0,1
CB-12535,4246.4555,8,44.8,Corporate,1.0,0.0,2
CC-12100,1685.889,5,50.23076923076923,Home Office,0.0,1.0,3
CC-12145,2471.65,7,96.08333333333333,Consumer,0.0,0.0,1
CC-12220,3670.258,11,54.0,Consumer,0.0,0.0,0
CC-12370,12129.072000000002,5,45.25,Consumer,0.0,0.0,0
CC-12430,2870.05,10,42.25,Home Office,0.0,1.0,3
CC-12475,1659.438,9,91.78571428571429,Consumer,0.0,0.0,1
CC-12550,113.832,3,34.2,Consumer,0.0,0.0,1
CC-12610,2540.631,7,91.3076923076923,Corporate,1.0,0.0,2
CC-12670,2269.7015,7,71.6,Consumer,0.0,0.0,1
CC-12685,2854.1150000000002,4,44.69230769230769,Consumer,0.0,0.0,1
CD-11920,2033.968,5,133.7,Consumer,0.0,0.0,1
CD-11980,639.766,3,49.57142857142857,Consumer,0.0,0.0,1
CD-12280,1205.584,2,0.9285714285714286,Consumer,0.0,0.0,1
CD-12790,1860.732,5,64.25,Home Office,0.0,1.0,3
CG-12040,904.4680000000001,6,89.3,Home Office,0.0,1.0,3
CG-12520,1148.7800000000002,3,78.0,Consumer,0.0,0.0,1
CH-12070,1537.236,3,45.6,Home Office,0.0,1.0,3
CJ-11875,16.52,1,0.0,Corporate,1.0,0.0,2
CJ-12010,11164.974,8,22.428571428571427,Consumer,0.0,0.0,0
CK-12205,3154.855,13,40.93939393939394,Consumer,0.0,0.0,0
CK-12325,2945.321,5,97.46153846153847,Home Office,0.0,1.0,3
CK-12595,2372.75,11,40.65384615384615,Consumer,0.0,0.0,0
CK-12760,1582.109,9,89.33333333333333,Corporate,1.0,0.0,2
CL-11890,1262.0140000000001,4,143.375,Consumer,0.0,0.0,1
CL-12565,10880.546,12,38.37931034482759,Consumer,0.0,0.0,0
CL-12700,2335.586,4,44.375,Home Office,0.0,1.0,3
CM-11815,1673.888,6,91.9090909090909,Corporate,1.0,0.0,2
CM-11935,565.392,2,24.0,Consumer,0.0,0.0,1
CM-12115,1661.6100000000001,4,124.75,Consumer,0.0,0.0,1
CM-12160,2533.314,6,51.125,Consumer,0.0,0.0,1
CM-12190,1475.144,6,103.125,Consumer,0.0,0.0,1
CM-12235,2305.712,5,24.77777777777778,Consumer,0.0,0.0,1
CM-12385,8954.019999999999,4,89.27272727272727,Consumer,0.0,0.0,0
CM-12445,287.99,3,86.4,Consumer,0.0,0.0,1
CM-12655,5890.508,5,84.44444444444444,Home Office,0.0,1.0,3
CM-12715,3984.4524,4,25.714285714285715,Corporate,1.0,0.0,2
CP-12085,5402.254,8,69.33333333333333,Corporate,1.0,0.0,2
CP-12340,5817.187,7,81.6,Corporate,1.0,0.0,2
CR-12580,2148.852,4,80.57142857142857,Home Office,0.0,1.0,3
CR-12625,475.9,3,167.6,Home Office,0.0,1.0,3
CR-12730,1600.55,4,164.28571428571428,Consumer,0.0,0.0,1
CR-12820,1397.8724,3,123.25,Home Office,0.0,1.0,3
CS-11845,1278.954,5,113.44444444444444,Corporate,1.0,0.0,2
CS-11860,537.632,6,147.0,Consumer,0.0,0.0,1
CS-11950,3036.547,11,55.47826086956522,Consumer,0.0,0.0,0
CS-12130,884.64,4,94.25,Consumer,0.0,0.0,1
CS-12175,844.4580000000001,5,111.55555555555556,Corporate,1.0,0.0,2
CS-12250,2754.216,12,49.0,Corporate,1.0,0.0,0
CS-12355,3202.1620000000003,11,53.34782608695652,Consumer,0.0,0.0,0
CS-12400,3651.8585000000003,9,79.26666666666667,Home Office,0.0,1.0,3
CS-12460,550.644,2,21.857142857142858,Consumer,0.0,0.0,1
CS-12490,970.1105,4,73.22222222222223,Corporate,1.0,0.0,2
CS-12505,5690.054999999999,6,131.7,Consumer,0.0,0.0,1
CT-11995,3241.898,8,65.10526315789474,Consumer,0.0,0.0,0
CV-12295,2830.6279999999997,5,79.92857142857143,Consumer,0.0,0.0,1
CV-12805,2370.3136,9,29.75,Corporate,1.0,0.0,2
CW-11905,1136.592,6,106.5,Home Office,0.0,1.0,3
CY-12745,2004.0819999999999,7,95.81818181818181,Corporate,1.0,0.0,2
Co-12640,1300.076,5,82.22222222222223,Consumer,0.0,0.0,1
DA-13450,156.76,4,110.33333333333333,Home Office,0.0,1.0,3
DB-12910,2171.599,8,87.84615384615384,Home Office,0.0,1.0,3
DB-12970,2469.6672,4,82.0909090909091,Corporate,1.0,0.0,2
DB-13060,4151.51,6,125.81818181818181,Consumer,0.0,0.0,1
DB-13120,2973.094,7,61.666666666666664,Corporate,1.0,0.0,2
DB-13210,2332.577,10,45.63636363636363,Consumer,0.0,0.0,0
DB-13270,4655.897,8,98.0,Home Office,0.0,1.0,3
DB-13360,1081.466,5,124.71428571428571,Home Office,0.0,1.0,3
DB-13405,1711.692,4,45.8,Consumer,0.0,0.0,1
DB-13555,3908.8028,7,82.8,Corporate,1.0,0.0,2
DB-13615,1989.05,7,96.16666666666667,Consumer,0.0,0.0,1
DB-13660,1155.202,7,116.36363636363636,Consumer,0.0,0.0,1
DC-12850,3336.168,9,65.10526315789474,Consumer,0.0,0.0,0
DC-13285,1174.618,5,134.25,Consumer,0.0,0.0,1
DD-13570,269.542,6,132.9,Consumer,0.0,0.0,1
DE-13255,2550.874,5,50.8,Home Office,0.0,1.0,3
DF-13135,2390.534,3,69.14285714285714,Consumer,0.0,0.0,1
DG-13300,3195.818,5,124.77777777777777,Corporate,1.0,0.0,2
DH-13075,3487.1980000000003,5,45.1578947368421,Corporate,1.0,0.0,2
DH-13675,1043.096,4,38.416666666666664,Home Office,0.0,1.0,3
DJ-13420,2012.52,4,80.16666666666667,Corporate,1.0,0.0,2
DJ-13510,2501.6879999999996,8,84.5,Corporate,1.0,0.0,2
DJ-13630,3356.398,3,81.55555555555556,Consumer,0.0,0.0,1
DK-12835,3256.48,12,48.357142857142854,Corporate,1.0,0.0,0
DK-12895,4282.176,5,61.375,Consumer,0.0,0.0,1
DK-12985,1687.04,5,125.0,Consumer,0.0,0.0,1
DK-13090,2650.557,7,70.78571428571429,Consumer,0.0,0.0,1
DK-13150,797.832,2,185.16666666666666,Corporate,1.0,0.0,2
DK-13225,4802.394,9,68.85,Corporate,1.0,0.0,2
DK-13375,3318.486,8,49.625,Consumer,0.0,0.0,0
DL-12865,444.024,7,147.5,Consumer,0.0,0.0,1
DL-12925,3272.2,6,76.73333333333333,Consumer,0.0,0.0,1
DL-13315,1458.258,8,79.0,Consumer,0.0,0.0,1
DL-13330,585.02,4,136.55555555555554,Consumer,0.0,0.0,1
DL-13495,3539.322,8,50.69230769230769,Corporate,1.0,0.0,2
DM-12955,1322.034,7,107.3,Corporate,1.0,0.0,2
DM-13015,6345.103,7,54.57142857142857,Consumer,0.0,0.0,0
DM-13345,4074.4719999999998,8,80.78571428571429,Corporate,1.0,0.0,2
DM-13525,1376.792,3,72.0909090909091,Corporate,1.0,0.0,2
DN-13690,2139.79,7,81.66666666666667,Consumer,0.0,0.0,1
DO-13435,1300.0315,9,75.07142857142857,Consumer,0.0,0.0,1
DO-13645,1267.316,7,63.083333333333336,Consumer,0.0,0.0,1
DP-13000,897.524,8,83.1875,Consumer,0.0,0.0,1
DP-13105,2215.002,8,56.93333333333333,Corporate,1.0,0.0,2
DP-13165,1058.616,2,62.6,Consumer,0.0,0.0,1
DP-13390,5480.723999999999,9,61.06666666666667,Home Office,0.0,1.0,3
DR-12880,6528.034000000001,9,32.92,Corporate,1.0,0.0,0
DR-12940,8350.868,8,94.5,Home Office,0.0,1.0,3
DS-13030,1762.213,4,58.85,Home Office,0.0,1.0,3
DS-13180,2881.8128,9,62.80952380952381,Corporate,1.0,0.0,2
DV-13045,1119.483,5,54.7,Corporate,1.0,0.0,2
DV-13465,3254.487,5,89.85714285714286,Consumer,0.0,0.0,1
DW-13195,1080.751,6,137.3,Corporate,1.0,0.0,2
DW-13480,5271.628,5,90.91666666666667,Home Office,0.0,1.0,3
DW-13540,344.08,5,57.3,Consumer,0.0,0.0,1
DW-13585,1204.854,7,89.27272727272727,Corporate,1.0,0.0,2
Dl-13600,755.602,5,178.85714285714286,Corporate,1.0,0.0,2
Dp-13240,7198.7609999999995,11,41.0,Home Office,0.0,1.0,0
EA-14035,2752.441,12,45.73913043478261,Corporate,1.0,0.0,0
EB-13705,3644.978,9,94.07692307692308,Corporate,1.0,0.0,2
EB-13750,3236.314,10,47.04761904761905,Corporate,1.0,0.0,2
EB-13840,964.448,4,152.5,Corporate,1.0,0.0,2
EB-13870,2767.219,10,102.91666666666667,Consumer,0.0,0.0,0
EB-13930,944.6000000000001,5,158.25,Consumer,0.0,0.0,1
EB-13975,1643.255,4,103.57142857142857,Corporate,1.0,0.0,2
EB-14110,3071.126,6,73.16666666666667,Consumer,0.0,0.0,1
EB-14170,1186.326,6,138.25,Consumer,0.0,0.0,1
EC-14050,461.914,5,132.0,Consumer,0.0,0.0,1
ED-13885,3484.92,8,73.6,Home Office,0.0,1.0,3
EG-13900,1832.02,5,76.6,Consumer,0.0,0.0,1
EH-13765,9940.380000000001,10,36.92857142857143,Corporate,1.0,0.0,0
EH-13945,684.1709999999999,8,58.888888888888886,Consumer,0.0,0.0,1
EH-13990,825.9499999999999,6,115.55555555555556,Consumer,0.0,0.0,1
EH-14005,1219.53,7,110.41666666666667,Home Office,0.0,1.0,3
EH-14125,3082.653,10,53.473684210526315,Home Office,0.0,1.0,3
EH-14185,923.884,6,134.77777777777777,Consumer,0.0,0.0,1
EJ-13720,2162.174,4,125.66666666666667,Consumer,0.0,0.0,1
EJ-14155,2656.691,5,149.0,Consumer,0.0,0.0,1
EK-13795,1303.478,4,267.8,Home Office,0.0,1.0,3
EL-13735,124.28,2,180.0,Home Office,0.0,1.0,3
EM-13810,2567.0099999999998,5,100.5,Corporate,1.0,0.0,2
EM-13825,2339.598,8,62.88235294117647,Corporate,1.0,0.0,2
EM-13960,933.704,5,95.57142857142857,Consumer,0.0,0.0,1
EM-14065,228.99,4,172.85714285714286,Consumer,0.0,0.0,1
EM-14095,1041.0420000000001,4,69.27272727272727,Corporate,1.0,0.0,2
EM-14140,4588.436000000001,6,55.09090909090909,Home Office,0.0,1.0,3
EM-14200,366.822,3,116.4,Home Office,0.0,1.0,3
EN-13780,2199.366,4,65.7,Consumer,0.0,0.0,1
EP-13915,5478.0608,17,39.40625,Consumer,0.0,0.0,0
ER-13855,1245.788,3,53.0,Corporate,1.0,0.0,2
ES-14020,3510.4579999999996,5,128.55555555555554,Consumer,0.0,0.0,1
ES-14080,4657.924,9,55.095238095238095,Corporate,1.0,0.0,2
FA-14230,2984.054,7,61.166666666666664,Corporate,1.0,0.0,2
FC-14245,3418.742,7,57.333333333333336,Home Office,0.0,1.0,3
FC-14335,3889.366,7,90.27272727272727,Corporate,1.0,0.0,2
FG-14260,1383.144,7,107.08333333333333,Home Office,0.0,1.0,3
FH-14275,4256.272,10,60.31818181818182,Corporate,1.0,0.0,0
FH-14350,2271.284,4,43.13333333333333,Consumer,0.0,0.0,1
FH-14365,6987.196,8,83.0,Corporate,1.0,0.0,0
FM-14215,2456.638,10,86.4375,Corporate,1.0,0.0,2
FM-14290,3736.198,9,56.476190476190474,Home Office,0.0,1.0,3
FM-14380,2523.266,9,50.4,Consumer,0.0,0.0,0
FO-14305,2678.438,10,78.875,Consumer,0.0,0.0,0
FP-14320,4046.746,8,73.06666666666666,Consumer,0.0,0.0,0
FW-14395,79.75,3,162.75,Corporate,1.0,0.0,2
GA-14515,3797.2320000000004,5,76.18181818181819,Consumer,0.0,0.0,1
GA-14725,1398.382,11,61.43478260869565,Consumer,0.0,0.0,0
GB-14530,1568.44,11,60.95238095238095,Corporate,1.0,0.0,2
GB-14575,4716.288,5,54.0,Consumer,0.0,0.0,1
GD-14590,1888.07,4,190.0,Corporate,1.0,0.0,2
GG-14650,2224.0,9,44.52,Corporate,1.0,0.0,2
GH-14410,2819.4669999999996,9,66.38888888888889,Home Office,0.0,1.0,3
GH-14425,4172.8460000000005,4,112.9090909090909,Consumer,0.0,0.0,1
GH-14485,1361.2440000000001,2,106.5,Corporate,1.0,0.0,2
GH-14665,146.94080000000002,2,192.75,Consumer,0.0,0.0,1
GK-14620,6497.27,9,78.13333333333334,Corporate,1.0,0.0,0
GM-14440,3582.8199999999997,7,108.08333333333333,Consumer,0.0,0.0,1
GM-14455,3078.624,6,103.3076923076923,Home Office,0.0,1.0,3
GM-14500,1255.682,10,80.92857142857143,Consumer,0.0,0.0,1
GM-14680,3163.628,6,98.16666666666667,Consumer,0.0,0.0,1
GM-14695,6049.966,3,104.0,Corporate,1.0,0.0,2
GP-14740,236.53,2,100.0,Corporate,1.0,0.0,2
GR-14560,1284.38,2,0.3333333333333333,Corporate,1.0,0.0,2
GT-14635,9351.212,3,178.14285714285714,Corporate,1.0,0.0,2
GT-14710,11820.119999999999,11,42.7,Consumer,0.0,0.0,0
GT-14755,226.436,4,126.5,Consumer,0.0,0.0,1
GW-14605,2189.019,7,137.2,Consumer,0.0,0.0,1
GZ-14470,4355.150000000001,9,82.4,Consumer,0.0,0.0,0
GZ-14545,2454.6220000000003,4,172.0,Corporate,1.0,0.0,2
HA-14905,2163.3,7,110.0,Consumer,0.0,0.0,1
HA-14920,2584.158,8,60.8421052631579,Consumer,0.0,0.0,1
HD-14785,251.36,3,70.125,Home Office,0.0,1.0,3
HE-14800,755.462,3,76.33333333333333,Corporate,1.0,0.0,2
HF-14995,2533.1639999999998,7,64.65,Consumer,0.0,0.0,1
HG-14845,785.628,5,117.0,Consumer,0.0,0.0,1
HG-14965,3247.642,12,65.22222222222223,Corporate,1.0,0.0,0
HG-15025,3690.284,7,97.25,Consumer,0.0,0.0,1
HH-15010,218.668,2,163.85714285714286,Corporate,1.0,0.0,2
HJ-14875,358.1,5,123.57142857142857,Home Office,0.0,1.0,3
HK-14890,4877.784,8,71.75,Corporate,1.0,0.0,2
HL-15040,12873.297999999999,6,116.41666666666667,Consumer,0.0,0.0,0
HM-14860,8236.7648,10,59.80952380952381,Corporate,1.0,0.0,0
HM-14980,736.276,4,71.5,Consumer,0.0,0.0,1
HP-14815,1990.314,7,118.54545454545455,Home Office,0.0,1.0,3
HR-14770,940.588,4,231.16666666666666,Home Office,0.0,1.0,3
HR-14830,5248.787,7,64.86666666666666,Corporate,1.0,0.0,2
HW-14935,4827.934,7,44.1875,Corporate,1.0,0.0,2
HZ-14950,886.52,5,88.71428571428571,Consumer,0.0,0.0,1
IG-15085,744.574,4,137.25,Consumer,0.0,0.0,1
IL-15100,5040.736,7,73.66666666666667,Consumer,0.0,0.0,0
IM-15055,48.4,2,342.6666666666667,Consumer,0.0,0.0,1
IM-15070,4930.474,7,32.59090909090909,Consumer,0.0,0.0,0
JA-15970,6491.026,8,44.32,Consumer,0.0,0.0,0
JB-15400,1791.605,10,70.3529411764706,Corporate,1.0,0.0,2
JB-15925,900.552,3,42.77777777777778,Consumer,0.0,0.0,1
JB-16000,644.1188,7,84.5,Consumer,0.0,0.0,1
JB-16045,2518.115,5,96.4,Home Office,0.0,1.0,3
JC-15340,71.263,4,263.6,Consumer,0.0,0.0,1
JC-15385,1058.108,1,0.0,Consumer,0.0,0.0,1
JC-15775,2772.055,9,61.470588235294116,Consumer,0.0,0.0,0
JC-16105,858.576,5,108.1,Corporate,1.0,0.0,2
JD-15790,2152.352,5,110.625,Consumer,0.0,0.0,1
JD-15895,7610.8640000000005,11,29.727272727272727,Corporate,1.0,0.0,0
JD-16015,385.43,6,89.25,Consumer,0.0,0.0,1
JD-16060,695.442,3,127.57142857142857,Consumer,0.0,0.0,1
JD-16150,8828.0305,8,61.05555555555556,Corporate,1.0,0.0,0
JE-15475,1388.682,6,59.0,Consumer,0.0,0.0,1
JE-15610,7754.976,7,53.57142857142857,Corporate,1.0,0.0,0
JE-15715,8697.842999999999,10,51.17391304347826,Consumer,0.0,0.0,0
JE-15745,6760.8150000000005,13,51.5,Consumer,0.0,0.0,0
JE-16165,2697.248,3,46.25,Corporate,1.0,0.0,2
JF-15190,2239.606,6,56.63157894736842,Consumer,0.0,0.0,1
JF-15295,955.124,5,77.46666666666667,Consumer,0.0,0.0,1
JF-15355,1911.844,6,40.76470588235294,Consumer,0.0,0.0,1
JF-15415,2309.432,5,87.42857142857143,Consumer,0.0,0.0,1
JF-15490,890.95,10,69.8,Consumer,0.0,0.0,1
JF-15565,4198.332,8,66.0,Consumer,0.0,0.0,0
JG-15115,2358.676,3,54.875,Consumer,0.0,0.0,1
JG-15160,6366.392,11,68.89473684210526,Consumer,0.0,0.0,0
JG-15310,2240.58,6,55.416666666666664,Corporate,1.0,0.0,2
JG-15805,1507.018,6,114.2,Corporate,1.0,0.0,2
JH-15430,309.281,4,175.0,Consumer,0.0,0.0,1
JH-15820,528.91,6,127.44444444444444,Consumer,0.0,0.0,1
JH-15910,959.477,7,89.0,Consumer,0.0,0.0,1
JH-15985,7954.9980000000005,6,80.66666666666667,Consumer,0.0,0.0,0
JH-16180,2256.3940000000002,4,90.83333333333333,Consumer,0.0,0.0,1
JJ-15445,709.178,5,78.14285714285714,Consumer,0.0,0.0,1
JJ-15760,195.0,2,16.0,Home Office,0.0,1.0,3
JK-15205,4262.2919999999995,4,58.69230769230769,Consumer,0.0,0.0,1
JK-15325,383.812,3,169.6,Corporate,1.0,0.0,2
JK-15370,2136.458,7,77.3529411764706,Consumer,0.0,0.0,1
JK-15625,3760.028,7,96.0,Consumer,0.0,0.0,1
JK-15640,4760.434,9,78.3076923076923,Home Office,0.0,1.0,3
JK-15730,4769.9,9,52.7,Consumer,0.0,0.0,0
JK-16090,3747.668,3,95.5,Consumer,0.0,0.0,1
JK-16120,2932.484,10,57.611111111111114,Home Office,0.0,1.0,3
JL-15130,1214.956,6,96.38461538461539,Consumer,0.0,0.0,1
JL-15175,1571.523,5,136.125,Home Office,0.0,1.0,3
JL-15235,2203.7,5,108.72727272727273,Consumer,0.0,0.0,1
JL-15505,3173.874,6,60.72222222222222,Consumer,0.0,0.0,1
JL-15835,9576.343,10,39.14705882352941,Consumer,0.0,0.0,0
JL-15850,2725.256,6,53.583333333333336,Consumer,0.0,0.0,1
JM-15250,3159.1220000000003,6,30.2,Consumer,0.0,0.0,1
JM-15265,1804.146,5,84.71428571428571,Corporate,1.0,0.0,2
JM-15535,1733.443,7,100.18181818181819,Consumer,0.0,0.0,1
JM-15580,303.948,5,78.125,Consumer,0.0,0.0,1
JM-15655,864.947,5,104.15384615384616,Corporate,1.0,0.0,2
JM-15865,7625.076000000001,7,73.42857142857143,Consumer,0.0,0.0,0
JM-16195,2833.9260000000004,10,64.15,Consumer,0.0,0.0,0
JO-15145,3254.949,9,99.78571428571429,Corporate,1.0,0.0,2
JO-15280,1934.272,6,106.5,Consumer,0.0,0.0,1
JO-15550,1090.838,5,66.75,Home Office,0.0,1.0,3
JP-15460,1669.135,7,74.1875,Corporate,1.0,0.0,2
JP-15520,3635.594,7,71.6470588235294,Consumer,0.0,0.0,1
JP-16135,1707.71,9,78.0,Home Office,0.0,1.0,3
JR-15670,1156.658,2,35.75,Consumer,0.0,0.0,1
JR-15700,863.88,1,0.0,Consumer,0.0,0.0,1
JR-16210,2201.686,5,72.72727272727273,Corporate,1.0,0.0,2
JS-15595,1417.654,4,142.11111111111111,Corporate,1.0,0.0,2
JS-15685,990.1959999999999,3,52.2,Corporate,1.0,0.0,2
JS-15880,3868.02,5,82.8,Consumer,0.0,0.0,1
JS-15940,469.169,5,97.11111111111111,Home Office,0.0,1.0,3
JS-16030,2516.494,6,72.3157894736842,Consumer,0.0,0.0,1
JW-15220,7721.714,6,62.13333333333333,Corporate,1.0,0.0,0
JW-15955,1049.2379999999998,6,78.27272727272727,Consumer,0.0,0.0,1
JW-16075,1428.731,4,69.125,Consumer,0.0,0.0,1
KA-16525,1519.506,7,112.83333333333333,Consumer,0.0,0.0,1
KB-16240,3152.6150000000002,7,124.18181818181819,Corporate,1.0,0.0,2
KB-16315,1569.464,9,40.26086956521739,Consumer,0.0,0.0,0
KB-16405,908.821,3,65.3,Home Office,0.0,1.0,3
KB-16585,2744.742,12,47.333333333333336,Corporate,1.0,0.0,0
KB-16600,983.922,7,109.5,Corporate,1.0,0.0,2
KC-16255,2120.954,6,72.9090909090909,Corporate,1.0,0.0,2
KC-16540,3908.262,4,115.16666666666667,Consumer,0.0,0.0,1
KC-16675,1146.05,4,132.0,Corporate,1.0,0.0,2
KD-16270,8282.358,5,38.88235294117647,Consumer,0.0,0.0,0
KD-16345,1888.964,6,106.72727272727273,Consumer,0.0,0.0,1
KD-16495,8181.256,12,37.13793103448276,Corporate,1.0,0.0,0
KD-16615,907.158,4,40.0,Corporate,1.0,0.0,2
KE-16420,1453.2812000000001,7,98.07692307692308,Corporate,1.0,0.0,2
KF-16285,10604.266,7,57.578947368421055,Home Office,0.0,1.0,0
KH-16330,3312.864,8,69.94736842105263,Corporate,1.0,0.0,2
KH-16360,3100.612,6,89.33333333333333,Consumer,0.0,0.0,1
KH-16510,5229.695000000001,6,57.666666666666664,Consumer,0.0,0.0,0
KH-16630,3918.9660000000003,9,60.94444444444444,Corporate,1.0,0.0,2
KH-16690,5990.799,7,86.125,Corporate,1.0,0.0,2
KL-16555,5016.488,8,55.56521739130435,Corporate,1.0,0.0,2
KL-16645,14175.229000000001,12,40.233333333333334,Consumer,0.0,0.0,0
KM-16225,2260.958,6,44.65,Corporate,1.0,0.0,2
KM-16375,5620.186,8,57.285714285714285,Home Office,0.0,1.0,3
KM-16660,453.538,5,108.9,Consumer,0.0,0.0,1
KM-16720,4909.472,8,46.310344827586206,Consumer,0.0,0.0,0
KN-16390,2224.0860000000002,8,69.0625,Corporate,1.0,0.0,2
KN-16450,2171.962,5,145.11111111111111,Corporate,1.0,0.0,2
KN-16705,2003.01,7,100.07692307692308,Home Office,0.0,1.0,3
KS-16300,88.472,3,157.4,Corporate,1.0,0.0,2
KT-16465,3057.1,7,54.53333333333333,Consumer,0.0,0.0,1
KT-16480,4642.088400000001,10,92.21428571428571,Consumer,0.0,0.0,0
KW-16435,4416.5199999999995,5,69.27272727272727,Consumer,0.0,0.0,1
KW-16570,449.096,4,69.5,Consumer,0.0,0.0,1
LA-16780,8673.222,11,43.96296296296296,Corporate,1.0,0.0,0
LB-16735,50.188,3,118.75,Consumer,0.0,0.0,1
LB-16795,4985.676,8,47.8,Home Office,0.0,1.0,3
LC-16870,2580.7039999999997,8,30.451612903225808,Consumer,0.0,0.0,0
LC-16885,7663.126,12,55.375,Consumer,0.0,0.0,0
LC-16930,4492.946,8,91.2,Corporate,1.0,0.0,2
LC-16960,3246.626,4,75.625,Home Office,0.0,1.0,3
LC-17050,2095.064,5,137.5,Consumer,0.0,0.0,1
LC-17140,2633.582,9,59.75,Consumer,0.0,0.0,0
LD-16855,5.304,1,0.0,Corporate,1.0,0.0,2
LD-17005,1961.934,4,96.75,Consumer,0.0,0.0,1
LE-16810,1469.45,6,129.2,Consumer,0.0,0.0,1
LF-17185,3930.5089999999996,7,72.41176470588235,Consumer,0.0,0.0,1
LH-16750,287.426,3,261.25,Consumer,0.0,0.0,1
LH-16900,2295.332,9,75.5,Consumer,0.0,0.0,1
LH-17020,318.239,4,138.57142857142858,Consumer,0.0,0.0,1
LH-17155,1739.689,9,36.45,Consumer,0.0,0.0,0
LL-16840,2454.554,5,99.27272727272727,Consumer,0.0,0.0,1
LM-17065,1346.774,5,111.375,Consumer,0.0,0.0,1
LO-17170,644.35,5,105.6,Corporate,1.0,0.0,2
LP-17080,756.606,4,124.5,Consumer,0.0,0.0,1
LP-17095,3104.439,6,33.5,Consumer,0.0,0.0,1
LR-16915,5142.892,6,71.41176470588235,Consumer,0.0,0.0,0
LR-17035,1879.306,5,82.92307692307692,Corporate,1.0,0.0,2
LS-16945,2845.27,6,53.4,Corporate,1.0,0.0,2
LS-16975,2988.674,9,49.869565217391305,Home Office,0.0,1.0,3
LS-17200,1010.2560000000001,6,71.53333333333333,Corporate,1.0,0.0,2
LS-17230,368.88000000000005,3,96.85714285714286,Consumer,0.0,0.0,1
LS-17245,1008.1360000000001,6,87.46153846153847,Consumer,0.0,0.0,1
LT-16765,329.876,3,297.5,Consumer,0.0,0.0,1
LT-17110,2936.252,8,84.93333333333334,Consumer,0.0,0.0,1
LW-16825,2238.061,5,76.375,Corporate,1.0,0.0,2
LW-16990,3230.308,6,47.583333333333336,Corporate,1.0,0.0,2
LW-17125,1259.04,3,166.83333333333334,Consumer,0.0,0.0,1
LW-17215,5420.514,7,74.0,Consumer,0.0,0.0,0
MA-17560,4299.161,11,33.6,Home Office,0.0,1.0,3
MA-17995,2453.284,6,77.76923076923077,Home Office,0.0,1.0,3
MB-17305,1548.702,10,59.6,Consumer,0.0,0.0,0
MB-18085,1428.231,7,128.27272727272728,Consumer,0.0,0.0,1
MC-17275,2725.982,8,80.92857142857143,Consumer,0.0,0.0,1
MC-17425,4432.138,5,82.81818181818181,Corporate,1.0,0.0,2
MC-17575,1303.893,8,91.41666666666667,Consumer,0.0,0.0,1
MC-17590,2426.067,6,70.5,Corporate,1.0,0.0,2
MC-17605,2258.192,8,66.84210526315789,Corporate,1.0,0.0,2
MC-17635,795.154,4,104.33333333333333,Corporate,1.0,0.0,2
MC-17845,3805.714,7,84.86666666666666,Consumer,0.0,0.0,1
MC-18100,2218.98,10,62.5,Consumer,0.0,0.0,0
MC-18130,1581.9979999999998,5,69.08333333333333,Corporate,1.0,0.0,2
MD-17350,2716.412,6,64.625,Consumer,0.0,0.0,1
MD-17860,1204.91,5,120.88888888888889,Corporate,1.0,0.0,2
ME-17320,10663.728000000001,10,61.391304347826086,Home Office,0.0,1.0,0
ME-17725,1908.4532,8,88.5,Consumer,0.0,0.0,1
ME-18010,1256.944,4,166.57142857142858,Corporate,1.0,0.0,2
MF-17665,937.039,5,75.0,Corporate,1.0,0.0,2
MF-18250,1758.3,5,91.92307692307692,Corporate,1.0,0.0,2
MG-17650,3785.276,7,80.66666666666667,Home Office,0.0,1.0,3
MG-17680,2350.188,4,97.54545454545455,Home Office,0.0,1.0,3
MG-17695,1342.282,3,68.125,Consumer,0.0,0.0,1
MG-17875,1242.8329999999999,5,161.25,Home Office,0.0,1.0,3
MG-17890,776.384,9,71.28571428571429,Home Office,0.0,1.0,3
MG-18145,3061.543,4,143.11111111111111,Consumer,0.0,0.0,1
MG-18205,16.739,1,0.0,Corporate,1.0,0.0,2
MH-17290,1691.505,5,95.45454545454545,Home Office,0.0,1.0,3
MH-17440,400.016,4,104.9,Corporate,1.0,0.0,2
MH-17455,2146.694,7,109.8,Consumer,0.0,0.0,1
MH-17620,1252.8,4,85.71428571428571,Corporate,1.0,0.0,2
MH-17785,2203.7780000000002,7,101.25,Corporate,1.0,0.0,2
MH-18025,2984.948,5,111.0909090909091,Consumer,0.0,0.0,1
MH-18115,5503.093,9,21.26086956521739,Home Office,0.0,1.0,3
MJ-17740,6320.746,7,57.0,Consumer,0.0,0.0,0
MK-17905,2302.368,8,61.666666666666664,Corporate,1.0,0.0,2
MK-18160,1031.602,4,72.25,Consumer,0.0,0.0,1
ML-17395,2722.843,9,64.0952380952381,Corporate,1.0,0.0,2
ML-17410,2885.26,5,72.53333333333333,Consumer,0.0,0.0,1
ML-17755,2071.9139999999998,7,34.57142857142857,Home Office,0.0,1.0,3
ML-18040,742.082,3,40.0,Corporate,1.0,0.0,2
ML-18265,162.232,2,210.75,Consumer,0.0,0.0,1
MM-17260,1314.023,4,163.42857142857142,Consumer,0.0,0.0,1
MM-17920,3640.2560000000003,10,90.0,Consumer,0.0,0.0,0
MM-18055,2749.881,8,64.9,Consumer,0.0,0.0,1
MM-18280,775.414,9,104.23076923076923,Corporate,1.0,0.0,2
MN-17935,2477.946,6,125.36363636363636,Consumer,0.0,0.0,1
MO-17500,922.487,4,176.0,Consumer,0.0,0.0,1
MO-17800,1687.0269999999998,8,60.833333333333336,Home Office,0.0,1.0,3
MO-17950,154.288,2,164.4,Consumer,0.0,0.0,1
MP-17470,2945.822,6,50.23076923076923,Home Office,0.0,1.0,3
MP-17965,3983.6420000000003,9,43.523809523809526,Corporate,1.0,0.0,2
MP-18175,4757.332,8,58.68421052631579,Home Office,0.0,1.0,3
MR-17545,639.178,4,155.57142857142858,Home Office,0.0,1.0,3
MS-17365,7443.6900000000005,10,37.4,Consumer,0.0,0.0,0
MS-17530,475.65599999999995,4,89.75,Consumer,0.0,0.0,1
MS-17710,1613.402,6,60.25,Consumer,0.0,0.0,1
MS-17770,3144.678,9,57.7,Consumer,0.0,0.0,0
MS-17830,370.348,4,166.5,Consumer,0.0,0.0,1
MS-17980,855.116,6,104.41666666666667,Corporate,1.0,0.0,2
MT-17815,2890.139,6,66.81818181818181,Consumer,0.0,0.0,1
MT-18070,1319.4498,4,82.41666666666667,Home Office,0.0,1.0,3
MV-17485,1560.05,9,88.3125,Consumer,0.0,0.0,1
MV-18190,1734.574,7,117.58333333333333,Consumer,0.0,0.0,1
MW-18220,5341.900000000001,7,80.4,Consumer,0.0,0.0,0
MW-18235,5253.876,2,318.75,Corporate,1.0,0.0,2
MY-17380,2254.285,7,54.714285714285715,Corporate,1.0,0.0,2
MY-18295,3601.88,10,63.55,Corporate,1.0,0.0,2
MZ-17335,593.606,4,107.42857142857143,Home Office,0.0,1.0,3
MZ-17515,2564.906,6,98.54545454545455,Corporate,1.0,0.0,2
NB-18580,273.87199999999996,2,8.666666666666666,Corporate,1.0,0.0,2
NB-18655,1972.599,9,61.22222222222222,Corporate,1.0,0.0,2
NC-18340,2461.404,5,63.72222222222222,Consumer,0.0,0.0,1
NC-18415,2218.9900000000002,6,86.4,Consumer,0.0,0.0,1
NC-18535,8241.739,7,78.125,Corporate,1.0,0.0,0
NC-18625,1821.742,5,95.4,Corporate,1.0,0.0,2
ND-18370,4326.139,9,74.73684210526316,Consumer,0.0,0.0,0
ND-18460,2893.455,6,137.77777777777777,Corporate,1.0,0.0,2
NF-18385,8080.474,6,95.64285714285714,Consumer,0.0,0.0,0
NF-18475,377.16200000000003,4,172.4,Home Office,0.0,1.0,3
NF-18595,2031.472,7,95.15384615384616,Home Office,0.0,1.0,3
NG-18355,1869.58,5,63.76470588235294,Corporate,1.0,0.0,2
NG-18430,1395.9379999999999,5,108.4,Consumer,0.0,0.0,1
NH-18610,2518.6659999999997,6,64.3,Corporate,1.0,0.0,2
NK-18490,572.048,7,73.0,Home Office,0.0,1.0,3
NL-18310,1418.0900000000001,4,99.81818181818181,Home Office,0.0,1.0,3
NM-18445,6459.344,7,84.06666666666666,Home Office,0.0,1.0,3
NM-18520,2161.979,10,37.4375,Consumer,0.0,0.0,0
NP-18325,5529.62,6,59.18181818181818,Consumer,0.0,0.0,0
NP-18670,3908.402,5,89.0,Consumer,0.0,0.0,1
NP-18685,1164.73,5,141.14285714285714,Home Office,0.0,1.0,3
NP-18700,7903.1825,7,76.71428571428571,Consumer,0.0,0.0,0
NR-18550,2367.277,5,78.0,Consumer,0.0,0.0,1
NS-18505,2575.863,4,24.6875,Consumer,0.0,0.0,1
NS-18640,2857.753,12,46.25,Corporate,1.0,0.0,0
NW-18400,7234.014,7,48.52173913043478,Consumer,0.0,0.0,0
NZ-18565,2488.31,9,55.285714285714285,Home Office,0.0,1.0,3
ON-18715,1567.52,9,49.625,Corporate,1.0,0.0,2
OT-18730,3818.624,5,83.54545454545455,Consumer,0.0,0.0,1
PA-19060,729.408,6,152.5,Home Office,0.0,1.0,3
PB-18805,740.356,3,67.72727272727273,Home Office,0.0,1.0,3
PB-19105,688.324,4,180.66666666666666,Consumer,0.0,0.0,1
PB-19150,1456.95,8,97.33333333333333,Consumer,0.0,0.0,1
PB-19210,132.738,2,148.66666666666666,Corporate,1.0,0.0,2
PC-18745,1832.064,4,182.16666666666666,Corporate,1.0,0.0,2
PC-19000,1061.488,2,120.25,Home Office,0.0,1.0,3
PF-19120,9062.864,4,25.05,Consumer,0.0,0.0,0
PF-19165,2770.0,6,91.0,Consumer,0.0,0.0,1
PF-19225,2206.1279999999997,5,39.81818181818182,Consumer,0.0,0.0,1
PG-18820,3086.907,13,47.96296296296296,Consumer,0.0,0.0,0
PG-18895,1987.164,9,70.66666666666667,Consumer,0.0,0.0,1
PH-18790,729.648,1,0.0,Home Office,0.0,1.0,3
PJ-18835,1220.09,8,90.92857142857143,Corporate,1.0,0.0,2
PJ-19015,1677.536,6,153.625,Consumer,0.0,0.0,1
PK-18910,1441.152,2,220.75,Home Office,0.0,1.0,3
PK-19075,8646.934,12,43.69230769230769,Consumer,0.0,0.0,0
PL-18925,239.481,5,126.66666666666667,Home Office,0.0,1.0,3
PM-18940,1405.402,3,190.0,Consumer,0.0,0.0,1
PM-19135,4115.662,4,86.25,Home Office,0.0,1.0,3
PN-18775,1467.152,8,60.357142857142854,Home Office,0.0,1.0,3
PO-18850,7473.8282,11,50.0,Consumer,0.0,0.0,0
PO-18865,2493.214,7,98.42857142857143,Consumer,0.0,0.0,1
PO-19180,4893.043,9,37.421052631578945,Home Office,0.0,1.0,3
PO-19195,1056.858,5,124.54545454545455,Home Office,0.0,1.0,3
PP-18955,7252.608,10,32.142857142857146,Home Office,0.0,1.0,0
PR-18880,1840.178,5,90.46153846153847,Consumer,0.0,0.0,1
PS-18760,2181.479,6,53.95454545454545,Consumer,0.0,0.0,1
PS-18970,1278.639,8,91.85714285714286,Home Office,0.0,1.0,3
PS-19045,6843.634,7,62.142857142857146,Home Office,0.0,1.0,3
PT-19090,158.46,3,162.0,Consumer,0.0,0.0,1
PV-18985,2876.046,5,84.14285714285714,Home Office,0.0,1.0,3
PW-19030,3454.916,10,91.28571428571429,Corporate,1.0,0.0,2
PW-19240,3922.4150000000004,7,51.84615384615385,Consumer,0.0,0.0,0
QJ-19255,6108.338,9,97.07142857142857,Corporate,1.0,0.0,0
RA-19285,2617.906,9,61.55555555555556,Consumer,0.0,0.0,0
RA-19885,3546.224,6,93.35714285714286,Corporate,1.0,0.0,2
RA-19915,4793.543,9,55.08695652173913,Consumer,0.0,0.0,0
RA-19945,1686.9225,5,115.8,Consumer,0.0,0.0,1
RB-19330,1008.1959999999999,2,153.0,Consumer,0.0,0.0,1
RB-19360,15117.339,6,28.526315789473685,Consumer,0.0,0.0,0
RB-19435,1864.156,7,96.35714285714286,Consumer,0.0,0.0,1
RB-19465,4715.466,12,57.416666666666664,Home Office,0.0,1.0,3
RB-19570,528.546,5,58.6,Consumer,0.0,0.0,1
RB-19645,221.084,5,72.125,Corporate,1.0,0.0,2
RB-19705,2067.45,4,100.75,Home Office,0.0,1.0,3
RB-19795,5633.316000000001,8,67.05263157894737,Home Office,0.0,1.0,3
RC-19825,966.409,6,68.36363636363636,Consumer,0.0,0.0,1
RC-19960,652.644,4,123.66666666666667,Consumer,0.0,0.0,1
RD-19480,4272.93,8,76.8125,Consumer,0.0,0.0,0
RD-19585,2832.904,9,62.526315789473685,Consumer,0.0,0.0,0
RD-19660,2745.892,4,136.6,Home Office,0.0,1.0,3
RD-19720,1419.737,10,58.95238095238095,Consumer,0.0,0.0,0
RD-19810,1137.616,8,67.41176470588235,Home Office,0.0,1.0,3
RD-19900,3133.924,9,56.86363636363637,Consumer,0.0,0.0,0
RD-19930,970.9420000000001,4,103.81818181818181,Consumer,0.0,0.0,1
RE-19405,48.36,1,0.0,Consumer,0.0,0.0,1
RE-19450,666.52,4,80.71428571428571,Consumer,0.0,0.0,1
RF-19345,3309.15,8,54.705882352941174,Corporate,1.0,0.0,2
RF-19735,2341.2960000000003,7,76.86666666666666,Consumer,0.0,0.0,1
RF-19840,938.862,7,103.45454545454545,Consumer,0.0,0.0,1
RH-19495,3621.3759999999997,5,132.55555555555554,Consumer,0.0,0.0,1
RH-19510,6979.18,6,51.76923076923077,Home Office,0.0,1.0,3
RH-19555,740.382,2,59.25,Consumer,0.0,0.0,1
RH-19600,2085.7400000000002,3,31.416666666666668,Consumer,0.0,0.0,1
RK-19300,1460.192,3,86.0,Consumer,0.0,0.0,1
RL-19615,6234.91,8,40.0,Consumer,0.0,0.0,0
RM-19375,1453.474,6,98.4,Consumer,0.0,0.0,1
RM-19675,5979.0960000000005,5,94.66666666666667,Home Office,0.0,1.0,3
RM-19750,98.35,1,0.0,Consumer,0.0,0.0,1
RO-19780,3815.478,7,71.3076923076923,Consumer,0.0,0.0,1
RP-19270,954.6452,4,51.69230769230769,Corporate,1.0,0.0,2
RP-19390,5153.084,12,49.34615384615385,Consumer,0.0,0.0,0
RP-19855,2055.356,7,68.06666666666666,Corporate,1.0,0.0,2
RR-19315,615.932,2,78.4,Consumer,0.0,0.0,1
RR-19525,3302.2619999999997,6,94.36363636363636,Corporate,1.0,0.0,2
RS-19420,3221.29,5,116.7,Corporate,1.0,0.0,2
RS-19765,4159.7699999999995,8,88.46666666666667,Corporate,1.0,0.0,2
RS-19870,22.328,2,138.0,Home Office,0.0,1.0,3
RW-19540,7397.401,7,39.208333333333336,Corporate,1.0,0.0,0
RW-19630,3279.746,9,70.11764705882354,Corporate,1.0,0.0,2
RW-19690,3495.646,5,31.25,Consumer,0.0,0.0,1
SA-20830,4767.3415,10,61.09090909090909,Consumer,0.0,0.0,0
SB-20170,1348.02,3,137.75,Consumer,0.0,0.0,1
SB-20185,6410.996,6,77.61538461538461,Consumer,0.0,0.0,0
SB-20290,8057.891,7,71.33333333333333,Corporate,1.0,0.0,0
SC-20020,3362.9636,5,34.333333333333336,Consumer,0.0,0.0,1
SC-20050,4624.572,9,83.9375,Home Office,0.0,1.0,3
SC-20095,14142.333999999999,9,46.43478260869565,Consumer,0.0,0.0,0
SC-20230,4371.9580000000005,4,35.25,Corporate,1.0,0.0,2
SC-20260,3729.7929999999997,8,61.94736842105263,Corporate,1.0,0.0,2
SC-20305,3650.473,6,94.45454545454545,Consumer,0.0,0.0,1
SC-20380,5992.536,9,65.23809523809524,Consumer,0.0,0.0,0
SC-20440,1874.998,7,75.36363636363636,Corporate,1.0,0.0,2
SC-20575,799.798,4,171.57142857142858,Consumer,0.0,0.0,1
SC-20680,1254.64,6,112.11111111111111,Home Office,0.0,1.0,3
SC-20695,2576.408,10,68.06666666666666,Corporate,1.0,0.0,2
SC-20725,5226.21,11,41.44444444444444,Consumer,0.0,0.0,0
SC-20770,4492.657,7,40.09090909090909,Corporate,1.0,0.0,2
SC-20800,279.25600000000003,4,119.83333333333333,Consumer,0.0,0.0,1
SC-20845,14.112,1,0.0,Consumer,0.0,0.0,1
SD-20485,6121.114,9,56.09090909090909,Home Office,0.0,1.0,3
SE-20110,12209.438000000002,11,67.5,Consumer,0.0,0.0,0
SF-20065,763.5459999999999,7,114.8,Consumer,0.0,0.0,1
SF-20200,3422.7859999999996,9,65.25,Consumer,0.0,0.0,0
SF-20965,3336.535,9,62.111111111111114,Corporate,1.0,0.0,2
SG-20080,3406.5809999999997,3,65.16666666666667,Consumer,0.0,0.0,1
SG-20470,1884.798,8,71.33333333333333,Consumer,0.0,0.0,1
SG-20605,3118.892,5,80.38461538461539,Consumer,0.0,0.0,1
SG-20890,47.946,3,190.83333333333334,Corporate,1.0,0.0,2
SH-19975,2465.6594999999998,12,43.48,Corporate,1.0,0.0,0
SH-20395,2180.718,10,70.6875,Consumer,0.0,0.0,0
SH-20635,2096.392,2,115.33333333333333,Corporate,1.0,0.0,2
SJ-20125,3949.656,12,29.36,Home Office,0.0,1.0,3
SJ-20215,1341.036,6,93.27272727272727,Consumer,0.0,0.0,1
SJ-20500,1318.776,5,120.5,Consumer,0.0,0.0,1
SK-19990,883.409,3,64.83333333333333,Consumer,0.0,0.0,1
SL-20155,3046.532,6,125.11111111111111,Home Office,0.0,1.0,3
SM-20005,244.49399999999997,4,101.71428571428571,Consumer,0.0,0.0,1
SM-20320,25043.05,5,81.5,Home Office,0.0,1.0,0
SM-20905,1043.041,1,0.0,Consumer,0.0,0.0,1
SM-20950,4464.862,11,55.38095238095238,Corporate,1.0,0.0,0
SN-20560,1860.418,6,50.875,Home Office,0.0,1.0,3
SN-20710,3127.9592,7,62.75,Home Office,0.0,1.0,3
SO-20335,2602.5755,6,48.8125,Consumer,0.0,0.0,1
SP-20545,1306.086,6,77.0,Corporate,1.0,0.0,2
SP-20620,5440.319,9,46.48,Corporate,1.0,0.0,0
SP-20650,1872.4360000000001,9,60.5,Corporate,1.0,0.0,2
SP-20860,4282.94,10,41.28,Corporate,1.0,0.0,0
SP-20920,3990.689,6,70.93333333333334,Consumer,0.0,0.0,1
SR-20425,3233.481,5,128.7,Home Office,0.0,1.0,3
SR-20740,4345.8859999999995,8,93.3076923076923,Home Office,0.0,1.0,3
SS-20140,1324.028,8,50.81818181818182,Corporate,1.0,0.0,2
SS-20410,3056.8070000000002,6,92.3076923076923,Consumer,0.0,0.0,1
SS-20515,613.4,3,110.57142857142857,Home Office,0.0,1.0,3
SS-20590,418.49,6,81.1,Consumer,0.0,0.0,1
SS-20875,964.636,5,62.0,Consumer,0.0,0.0,1
ST-20530,433.34000000000003,7,99.23076923076923,Consumer,0.0,0.0,1
SU-20665,2595.364,7,38.68421052631579,Home Office,0.0,1.0,3
SV-20365,11470.949999999999,10,40.84848484848485,Consumer,0.0,0.0,0
SV-20785,4105.305,9,39.92307692307692,Consumer,0.0,0.0,0
SV-20815,1271.0900000000001,4,127.71428571428571,Corporate,1.0,0.0,2
SV-20935,1903.491,8,46.357142857142854,Consumer,0.0,0.0,1
SW-20245,1085.078,7,107.0909090909091,Consumer,0.0,0.0,1
SW-20275,1966.65,6,170.125,Consumer,0.0,0.0,1
SW-20350,1019.044,3,66.85714285714286,Home Office,0.0,1.0,3
SW-20455,2835.564,6,84.33333333333333,Consumer,0.0,0.0,1
SW-20755,758.6959999999999,2,68.88888888888889,Corporate,1.0,0.0,2
SZ-20035,3625.329,11,55.95238095238095,Home Office,0.0,1.0,3
TA-21385,14595.62,4,103.27272727272727,Home Office,0.0,1.0,0
TB-21055,1451.361,4,24.555555555555557,Consumer,0.0,0.0,1
TB-21175,3589.296,4,88.33333333333333,Corporate,1.0,0.0,2
TB-21190,816.1740000000001,4,210.0,Home Office,0.0,1.0,3
TB-21250,1602.376,7,38.45,Consumer,0.0,0.0,1
TB-21280,2198.45,6,58.75,Consumer,0.0,0.0,1
TB-21355,834.328,5,39.857142857142854,Corporate,1.0,0.0,2
TB-21400,9108.742,6,72.0,Consumer,0.0,0.0,0
TB-21520,4737.486,9,50.61904761904762,Consumer,0.0,0.0,0
TB-21595,1240.871,4,187.66666666666666,Consumer,0.0,0.0,1
TB-21625,2797.668,9,75.75,Consumer,0.0,0.0,0
TC-20980,19052.218,5,57.69230769230769,Corporate,1.0,0.0,0
TC-21145,1038.26,1,0.0,Corporate,1.0,0.0,2
TC-21295,4266.812,8,67.41176470588235,Consumer,0.0,0.0,0
TC-21475,1244.976,9,81.75,Home Office,0.0,1.0,3
TC-21535,742.5580000000001,7,104.45454545454545,Home Office,0.0,1.0,3
TD-20995,1434.5480000000002,9,75.52941176470588,Consumer,0.0,0.0,1
TG-21310,3058.372,5,68.9,Consumer,0.0,0.0,1
TG-21640,2074.661,4,114.18181818181819,Consumer,0.0,0.0,1
TH-21100,2422.824,5,105.75,Consumer,0.0,0.0,1
TH-21115,2942.772,4,113.6,Corporate,1.0,0.0,2
TH-21235,1022.201,8,73.92857142857143,Corporate,1.0,0.0,2
TH-21550,4234.0960000000005,7,92.35714285714286,Home Office,0.0,1.0,3
TM-21010,2819.026,7,81.5625,Consumer,0.0,0.0,1
TM-21490,1094.6779999999999,3,29.0,Consumer,0.0,0.0,1
TN-21040,3130.221,7,83.61538461538461,Home Office,0.0,1.0,3
TP-21130,4454.0560000000005,9,57.76470588235294,Consumer,0.0,0.0,0
TP-21415,5329.0048,5,59.81818181818182,Consumer,0.0,0.0,1
TP-21565,1936.6399999999999,4,62.18181818181818,Corporate,1.0,0.0,2
TR-21325,675.9419999999999,5,116.5,Consumer,0.0,0.0,1
TS-21085,4.833,2,179.0,Consumer,0.0,0.0,1
TS-21160,2163.6240000000003,6,46.833333333333336,Corporate,1.0,0.0,2
TS-21205,5371.09,7,59.1,Corporate,1.0,0.0,2
TS-21340,974.7819999999999,5,93.46153846153847,Consumer,0.0,0.0,1
TS-21370,11891.751,6,70.1875,Corporate,1.0,0.0,0
TS-21430,2054.14,5,134.625,Corporate,1.0,0.0,2
TS-21505,2243.274,6,73.0,Consumer,0.0,0.0,1
TS-21610,2820.424,7,98.08333333333333,Consumer,0.0,0.0,1
TS-21655,3368.094,5,54.666666666666664,Consumer,0.0,0.0,1
TT-21070,4915.602,7,86.06666666666666,Consumer,0.0,0.0,0
TT-21220,1427.0439999999999,8,63.1875,Consumer,0.0,0.0,1
TT-21265,439.5,3,115.25,Corporate,1.0,0.0,2
TT-21460,5364.808,7,49.333333333333336,Home Office,0.0,1.0,3
TW-21025,5278.826,7,80.0,Home Office,0.0,1.0,3
TZ-21580,1707.286,4,111.0,Consumer,0.0,0.0,1
VB-21745,2005.596,6,76.54545454545455,Corporate,1.0,0.0,2
VD-21670,6442.254,6,39.0,Consumer,0.0,0.0,0
VF-21715,847.944,5,115.58333333333333,Home Office,0.0,1.0,3
VG-21790,846.01,6,120.66666666666667,Consumer,0.0,0.0,1
VG-21805,418.432,4,117.33333333333333,Corporate,1.0,0.0,2
VM-21685,2454.866,7,100.6923076923077,Home Office,0.0,1.0,3
VM-21835,380.69,5,140.22222222222223,Consumer,0.0,0.0,1
VP-21730,993.9019999999999,3,146.33333333333334,Home Office,0.0,1.0,3
VP-21760,3360.526,7,75.73333333333333,Corporate,1.0,0.0,2
VS-21820,1055.981,4,136.88888888888889,Consumer,0.0,0.0,1
VT-21700,1736.596,2,30.4,Home Office,0.0,1.0,3
VW-21775,6134.0380000000005,10,68.47368421052632,Corporate,1.0,0.0,0
WB-21850,6129.71,10,31.444444444444443,Consumer,0.0,0.0,0
XP-21865,2374.658,11,48.172413793103445,Consumer,0.0,0.0,0
YC-21895,5454.35,5,126.11111111111111,Corporate,1.0,0.0,2
YS-21880,6720.4439999999995,8,82.61538461538461,Corporate,1.0,0.0,0
ZC-21910,8025.707,13,35.0,Consumer,0.0,0.0,0
ZD-21925,1493.944,5,101.9,Consumer,0.0,0.0,1
